player_name,origin_season,origin_week,target_season,target_week,horizon_step,y_pred,target_played,forecast_age_days,prediction_ci_low,prediction_ci_high,forecast_start_week,y_true,error,absolute_error,squared_error,week
Jalen Coker,2025,17,2026,1,1,7.217941761016846,False,0,0.0,21.9337017059326,1,33.8,-26.58205823898315,26.58205823898315,706.6058202206921,1
Kenneth Walker III,2025,17,2026,1,1,8.490920066833496,False,0,0.0,23.20668001174925,1,34.1,-25.609079933166505,25.609079933166505,655.8249750233114,1
Christian Watson,2025,17,2026,1,1,10.23823356628418,False,0,0.0,24.953993511199933,1,32.7,-22.461766433715823,22.461766433715823,504.5309513228028,1
David Montgomery,2025,17,2026,1,1,8.832440376281738,False,0,0.0,23.54820032119749,1,28.9,-20.06755962371826,20.06755962371826,402.70694925148734,1
Derrick Henry,2025,17,2026,1,1,15.440936088562012,False,0,4.34232063293457,30.156696033477765,1,35.3,-19.859063911437985,19.859063911437985,394.38241943857855,1
Chris Olave,2025,17,2026,1,1,10.430359840393066,False,0,0.0,25.14611978530882,1,28.2,-17.769640159606933,17.769640159606933,315.7601114019155,1
D'Andre Swift,2025,17,2026,1,1,15.466641426086426,False,0,4.368025970458984,30.18240137100218,1,32.4,-16.933358573913573,16.933358573913573,286.7386325927323,1
Ashton Jeanty,2025,17,2026,1,1,16.030590057373047,False,0,4.931974601745605,30.7463500022888,1,32.7,-16.669409942626956,16.669409942626956,277.86922783535044,1
Justin Jefferson,2025,17,2026,1,1,15.375630378723145,False,0,4.277014923095702,30.091390323638898,1,31.200000000000003,-15.824369621276858,15.824369621276858,250.4106739107899,1
Jahmyr Gibbs,2025,17,2026,1,1,18.038427352905277,False,0,6.939811897277831,32.75418729782103,1,33.6,-15.561572647094724,15.561572647094724,242.16254325080672,1
Antonio Williams,2022,17,2026,1,1,1.7382324934005735,False,0,0.0,16.453992438316327,1,16.4,-14.661767506599425,14.661767506599425,214.96742641757473,1
Parker Washington,2025,17,2026,1,1,4.647546291351318,False,0,0.0,19.36330623626707,1,19.3,-14.652453708648682,14.652453708648682,214.69439968409253,1
Jauan Jennings,2025,17,2026,1,1,14.636579513549805,False,0,3.5379640579223626,29.35233945846556,1,0.0,14.636579513549805,14.636579513549805,214.22945985646584,1
Ja'Marr Chase,2025,17,2026,1,1,17.2945499420166,False,0,6.19593448638916,32.010309886932355,1,3.2,14.094549942016602,14.094549942016602,198.6563380680002,1
Chuba Hubbard,2025,17,2026,1,1,9.76876163482666,False,0,0.0,24.484521579742413,1,23.700000000000003,-13.931238365173343,13.931238365173343,194.07940238727764,1
Romeo Doubs,2025,17,2026,1,1,13.7382230758667,False,0,2.639607620239257,28.45398302078245,1,0.0,13.7382230758667,13.7382230758667,188.73877328227627,1
Marvin Mims Jr.,2025,17,2026,1,1,13.593911170959473,False,0,2.4952957153320305,28.309671115875226,1,0.0,13.593911170959473,13.593911170959473,184.79442092393674,1
Devaughn Vele,2025,17,2026,1,1,6.649505138397217,False,0,0.0,21.36526508331297,1,19.9,-13.250494861602782,13.250494861602782,175.57561407736173,1
Jaylen Waddle,2025,17,2026,1,1,14.208714485168455,False,0,3.110099029541015,28.92447443008421,1,1.2,13.008714485168456,13.008714485168456,169.22665255663162,1
Kendrick Bourne,2025,17,2026,1,1,2.5074212551116943,False,0,0.0,17.223181200027447,1,15.5,-12.992578744888306,12.992578744888306,168.80710244212338,1
Jordan Addison,2025,17,2026,1,1,12.948525428771973,False,0,1.8499099731445303,27.66428537368773,1,0.0,12.948525428771973,12.948525428771973,167.6643107795544,1
Bijan Robinson,2025,17,2026,1,1,18.39753532409668,False,0,7.298919868469238,33.11329526901243,1,31.3,-12.902464675903321,12.902464675903321,166.473594712933,1
Kyle Monangai,2025,17,2026,1,1,7.937880992889404,False,0,0.0,22.65364093780516,1,20.4,-12.462119007110594,12.462119007110594,155.30441014738713,1
Caleb Douglas,2025,17,2026,1,1,2.2526957988739014,False,0,0.0,16.968455743789654,1,14.4,-12.147304201126099,12.147304201126099,147.55699935469576,1
Kenny Gainwell,2025,17,2026,1,1,14.855944633483888,False,0,3.7573291778564446,29.57170457839964,1,2.8,12.05594463348389,12.05594463348389,145.345801005629,1
Denzel Boston,2025,17,2026,1,1,2.253958940505981,False,0,0.0,16.969718885421734,1,13.9,-11.646041059494019,11.646041059494019,135.63027235942056,1
Courtland Sutton,2025,17,2026,1,1,14.037801742553713,False,0,2.939186286926269,28.753561687469464,1,3.1,10.937801742553713,10.937801742553713,119.63550695941105,1
Jeremiyah Love,2025,17,2026,1,1,2.248631715774536,False,0,0.0,16.96439166069029,1,13.0,-10.751368284225464,10.751368284225464,115.5919199830492,1
Tyrone Tracy Jr.,2025,17,2026,1,1,10.133915901184082,False,0,0.0,24.849675846099835,1,-0.5999999999999999,10.733915901184082,10.733915901184082,115.21695057369247,1
Davante Adams,2025,17,2026,1,1,16.300487518310547,False,0,5.201872062683105,31.0162474632263,1,5.6,10.700487518310547,10.700487518310547,114.50043312951982,1
Zay Flowers,2025,17,2026,1,1,15.303060531616213,False,0,4.204445075988769,30.018820476531964,1,26.0,-10.696939468383787,10.696939468383787,114.42451399026682,1
A.J. Brown,2025,17,2026,1,1,16.077735900878906,False,0,4.979120445251464,30.79349584579466,1,5.6,10.477735900878907,10.477735900878907,109.78294960856671,1
Troy Franklin,2025,17,2026,1,1,10.826437950134276,False,0,0.0,25.54219789505003,1,0.5,10.326437950134276,10.326437950134276,106.63532073797337,1
Kalif Raymond,2025,17,2026,1,1,6.262519836425781,False,0,0.0,20.97827978134153,1,16.4,-10.137480163574217,10.137480163574217,102.76850406686074,1
Amon-Ra St. Brown,2025,17,2026,1,1,18.61819267272949,False,0,7.51957721710205,33.333952617645245,1,28.7,-10.08180732727051,10.08180732727051,101.64283898420535,1
Demarcus Robinson,2025,17,2026,1,1,2.991562604904175,False,0,0.0,17.707322549819928,1,13.0,-10.008437395095825,10.008437395095825,100.1688190915525,1
Rico Dowdle,2025,17,2026,1,1,14.073664665222168,False,0,2.975049209594726,28.78942461013792,1,4.1,9.973664665222168,9.973664665222168,99.47398685430123,1
Devin Singletary,2025,17,2026,1,1,3.910991907119751,False,0,0.0,18.626751852035504,1,13.8,-9.88900809288025,9.88900809288025,97.79248106105108,1
Jonathan Taylor,2025,17,2026,1,1,15.396953582763672,False,0,4.29833812713623,30.112713527679425,1,25.1,-9.70304641723633,9.70304641723633,94.14910977504277,1
Matthew Golden,2025,17,2026,1,1,5.858720779418945,False,0,0.0,20.5744807243347,1,15.5,-9.641279220581055,9.641279220581055,92.95426500920803,1
Javonte Williams,2025,17,2026,1,1,14.724283218383787,False,0,3.625667762756347,29.440043163299546,1,24.2,-9.475716781616212,9.475716781616212,89.7892085254031,1
Bucky Irving,2025,17,2026,1,1,11.134904861450195,False,0,0.0362894058227531,25.85066480636595,1,20.3,-9.165095138549805,9.165095138549805,83.99896889866928,1
DJ Moore,2025,17,2026,1,1,11.836115837097168,False,0,0.7375003814697259,26.55187578201292,1,21.0,-9.163884162902832,9.163884162902832,83.97677295110134,1
Rhamondre Stevenson,2025,17,2026,1,1,6.003145694732666,False,0,0.0,20.71890563964842,1,14.5,-8.496854305267334,8.496854305267334,72.19653308494003,1
Tyquan Thornton,2025,17,2026,1,1,8.44946575164795,False,0,0.0,23.165225696563702,1,0.0,8.44946575164795,8.44946575164795,71.39347148827164,1
Keaton Mitchell,2025,17,2026,1,1,9.126261711120604,False,0,0.0,23.84202165603636,1,0.9,8.226261711120603,8.226261711120603,67.67138173984888,1
Rachaad White,2025,17,2026,1,1,12.856099128723145,False,0,1.7574836730957024,27.571859073638898,1,4.7,8.156099128723145,8.156099128723145,66.52195299755844,1
Jaxon Smith-Njigba,2025,17,2026,1,1,18.138702392578125,False,0,7.040086936950683,32.85446233749388,1,26.200000000000003,-8.061297607421878,8.061297607421878,64.9845191154257,1
Saquon Barkley,2025,17,2026,1,1,16.86160659790039,False,0,5.7629911422729485,31.577366542816144,1,9.0,7.861606597900391,7.861606597900391,61.804858300150954,1
De'Von Achane,2025,17,2026,1,1,18.355981826782227,False,0,7.257366371154784,33.07174177169798,1,10.6,7.755981826782227,7.755981826782227,60.15525409737617,1
Josh Cameron,2025,17,2026,1,1,2.2530412673950195,False,0,0.0,16.968801212310773,1,10.0,-7.7469587326049805,7.7469587326049805,60.015369604684565,1
Nico Collins,2025,17,2026,1,1,13.471368789672852,False,0,2.372753334045409,28.187128734588605,1,21.200000000000003,-7.728631210327151,7.728631210327151,59.73174038524293,1
Jack Bech,2025,17,2026,1,1,3.6651999950408936,False,0,0.0,18.380959939956647,1,11.3,-7.634800004959107,7.634800004959107,58.29017111572358,1
Tony Pollard,2025,17,2026,1,1,12.031794548034668,False,0,0.933179092407226,26.74755449295042,1,4.4,7.631794548034668,7.631794548034668,58.24428802341168,1
Isaac TeSlaa,2025,17,2026,1,1,7.586228847503662,False,0,0.0,22.30198879241941,1,0.0,7.586228847503662,7.586228847503662,57.55086812669674,1
Dylan Sampson,2025,17,2026,1,1,7.459798336029053,False,0,0.0,22.17555828094481,1,0.0,7.459798336029053,7.459798336029053,55.648591214221824,1
Jayden Reed,2025,17,2026,1,1,12.408583641052246,False,0,1.309968185424804,27.124343585968,1,5.0,7.408583641052246,7.408583641052246,54.887111566466956,1
Dyami Brown,2025,17,2026,1,1,7.2417311668396,False,0,0.0,21.957491111755356,1,0.0,7.2417311668396,7.2417311668396,52.44267029277603,1
George Pickens,2025,17,2026,1,1,13.001301765441896,False,0,1.9026863098144524,27.717061710357648,1,5.800000000000001,7.201301765441896,7.201301765441896,51.858747116956565,1
Olamide Zaccheaus,2025,17,2026,1,1,8.680612564086914,False,0,0.0,23.396372509002667,1,1.5,7.180612564086914,7.180612564086914,51.56119679552285,1
Stefon Diggs,2025,17,2026,1,1,8.504406929016113,False,0,0.0,23.220166873931863,1,15.5,-6.995593070983887,6.995593070983887,48.93832241479777,1
Dontayvion Wicks,2025,17,2026,1,1,8.419316291809082,False,0,0.0,23.135076236724835,1,15.3,-6.880683708190919,6.880683708190919,47.34380829216393,1
Rashid Shaheed,2025,17,2026,1,1,8.229294776916504,False,0,0.0,22.945054721832257,1,1.4,6.8292947769165036,6.8292947769165036,46.63926715001904,1
DK Metcalf,2025,17,2026,1,1,14.57582950592041,False,0,3.477214050292968,29.291589450836163,1,8.0,6.57582950592041,6.57582950592041,43.241533690933466,1
Emmett Johnson,2025,17,2026,1,1,2.250264883041382,False,0,0.0,16.966024827957135,1,8.8,-6.549735116958619,6.549735116958619,42.899030102320935,1
Kyle Williams,2025,17,2026,1,1,6.538004398345947,False,0,0.0,21.2537643432617,1,0.0,6.538004398345947,6.538004398345947,42.74550151279095,1
DeVonta Smith,2025,17,2026,1,1,14.654667854309082,False,0,3.55605239868164,29.370427799224835,1,8.3,6.354667854309081,6.354667854309081,40.38180353858918,1
Quentin Johnston,2025,17,2026,1,1,9.840903282165527,False,0,0.0,24.55666322708128,1,3.7,6.140903282165527,6.140903282165527,37.710693120911344,1
Drake London,2025,17,2026,1,1,11.598725318908691,False,0,0.5001098632812493,26.314485263824444,1,5.5,6.098725318908691,6.098725318908691,37.19445051549792,1
Keenan Allen,2025,17,2026,1,1,15.288382530212402,False,0,4.18976707458496,30.004142475128155,1,9.2,6.088382530212403,6.088382530212403,37.06840183419558,1
Jacory Croskey-Merritt,2025,17,2026,1,1,6.518409729003906,False,0,0.0,21.23416967391966,1,12.6,-6.081590270996093,6.081590270996093,36.98574022427434,1
Aaron Jones,2025,17,2026,1,1,16.007978439331055,False,0,4.909362983703613,30.723738384246808,1,10.0,6.007978439331055,6.007978439331055,36.095804927466816,1
Kendre Miller,2025,17,2026,1,1,3.015258550643921,False,0,0.0,17.731018495559674,1,9.0,-5.984741449356079,5.984741449356079,35.8171302156407,1
Tyler Allgeier,2025,17,2026,1,1,3.0275442600250244,False,0,0.0,17.743304204940777,1,9.0,-5.972455739974976,5.972455739974976,35.67022756596003,1
Kaelon Black,2025,17,2026,1,1,2.24914813041687,False,0,0.0,16.964908075332623,1,8.0,-5.75085186958313,5.75085186958313,33.07229722588778,1
Josh Palmer,2025,17,2026,1,1,4.689241886138916,False,0,0.0,19.40500183105467,1,10.4,-5.710758113861084,5.710758113861084,32.612758235030206,1
Brian Robinson,2025,17,2026,1,1,8.737953186035156,False,0,0.0,23.45371313095091,1,3.1,5.637953186035157,5.637953186035157,31.786516127923974,1
Garrett Wilson,2025,17,2026,1,1,8.307976722717285,False,0,0.0,23.02373666763304,1,13.9,-5.592023277282715,5.592023277282715,31.27072433367172,1
Jadarian Price,2025,17,2026,1,1,2.248495817184448,False,0,0.0,16.9642557621002,1,7.800000000000001,-5.5515041828155525,5.5515041828155525,30.819198691818574,1
Carnell Tate,2025,17,2026,1,1,2.2523834705352783,False,0,0.0,16.96814341545103,1,7.800000000000001,-5.547616529464722,5.547616529464722,30.77604915799021,1
KC Concepcion,2025,17,2026,1,1,2.253958940505981,False,0,0.0,16.969718885421734,1,7.800000000000001,-5.546041059494019,5.546041059494019,30.758571433593545,1
Bhayshul Tuten,2025,17,2026,1,1,4.25665283203125,False,0,0.0,18.972412776947003,1,9.8,-5.543347167968751,5.543347167968751,30.72869782462717,1
Chimere Dike,2025,17,2026,1,1,7.0437188148498535,False,0,0.0,21.759478759765607,1,1.7000000000000002,5.343718814849853,5.343718814849853,28.555330772180323,1
Tee Higgins,2025,17,2026,1,1,14.237406730651855,False,0,3.1387912750244134,28.95316667556761,1,8.9,5.337406730651855,5.337406730651855,28.487910608407724,1
Woody Marks,2025,17,2026,1,1,10.26265811920166,False,0,0.0,24.978418064117413,1,5.0,5.26265811920166,5.26265811920166,27.695570479599155,1
Tez Johnson,2025,17,2026,1,1,4.840449810028076,False,0,0.0,19.55620975494383,1,-0.4,5.2404498100280765,5.2404498100280765,27.462314211423305,1
Puka Nacua,2025,17,2026,1,1,17.639406204223633,False,0,6.540790748596191,32.355166149139386,1,12.4,5.2394062042236325,5.2394062042236325,27.451377372857092,1
Jahdae Walker,2025,17,2026,1,1,1.970930576324463,False,0,0.0,16.686690521240216,1,7.1,-5.129069423675537,5.129069423675537,26.3073531528833,1
Omarion Hampton,2025,17,2026,1,1,13.40377712249756,False,0,2.3051616668701165,28.11953706741331,1,8.3,5.10377712249756,5.10377712249756,26.048540916129472,1
Quinshon Judkins,2025,17,2026,1,1,12.045910835266112,False,0,0.9472953796386712,26.761670780181863,1,7.0,5.0459108352661115,5.0459108352661115,25.461216157455947,1
Breece Hall,2025,17,2026,1,1,14.814092636108398,False,0,3.715477180480956,29.52985258102415,1,19.8,-4.985907363891602,4.985907363891602,24.859272241308506,1
Jonathon Brooks,2025,17,2026,1,1,2.2177484035491943,False,0,0.0,16.933508348464947,1,7.2,-4.982251596450806,4.982251596450806,24.822830970336604,1
James Cook,2025,17,2026,1,1,14.870027542114258,False,0,3.771412086486816,29.58578748703001,1,9.9,4.9700275421142575,4.9700275421142575,24.701173769374286,1
Bryce Lance,2025,17,2026,1,1,2.253368139266968,False,0,0.0,16.96912808418272,1,7.2,-4.9466318607330315,4.9466318607330315,24.469166765619132,1
Malachi Corley,2025,17,2026,1,1,4.9232378005981445,False,0,0.0,19.638997745513898,1,0.0,4.9232378005981445,4.9232378005981445,24.238270441238456,1
Wan'Dale Robinson,2025,17,2026,1,1,13.615718841552734,False,0,2.5171033859252923,28.331478786468487,1,8.8,4.815718841552734,4.815718841552734,23.191147960886003,1
Deebo Samuel Sr.,2025,17,2026,1,1,13.239984512329102,False,0,2.1413690567016594,27.95574445724485,1,18.0,-4.760015487670898,4.760015487670898,22.65774744286682,1
Jaylen Wright,2025,17,2026,1,1,4.655104160308838,False,0,0.0,19.37086410522459,1,-0.1,4.7551041603088375,4.7551041603088375,22.611015575386414,1
Tre Tucker,2025,17,2026,1,1,9.435904502868652,False,0,0.0,24.151664447784405,1,4.7,4.735904502868652,4.735904502868652,22.428791460291574,1
Jaylen Warren,2025,17,2026,1,1,15.019675254821776,False,0,3.9210597991943352,29.73543519973753,1,10.3,4.719675254821775,4.719675254821775,22.275334510976986,1
Emeka Egbuka,2025,17,2026,1,1,15.94524097442627,False,0,4.846625518798827,30.661000919342023,1,11.3,4.645240974426269,4.645240974426269,21.578263710488713,1
Tank Bigsby,2025,17,2026,1,1,4.9355292320251465,False,0,0.0,19.6512891769409,1,0.3,4.635529232025147,4.635529232025147,21.488131260959648,1
Emanuel Wilson,2025,17,2026,1,1,4.935110569000244,False,0,0.0,19.650870513916,1,0.3,4.635110569000244,4.635110569000244,21.48424998685777,1
Jameson Williams,2025,17,2026,1,1,12.849616050720217,False,0,1.7510005950927727,27.565375995635968,1,8.5,4.349616050720217,4.349616050720217,18.919159788682933,1
Ted Hurst III,2025,17,2026,1,1,2.2517082691192627,False,0,0.0,16.967468214035016,1,6.6,-4.348291730880737,4.348291730880737,18.907640976845794,1
Chris Rodriguez Jr.,2025,17,2026,1,1,6.576778888702393,False,0,0.0,21.292538833618146,1,2.3000000000000003,4.276778888702392,4.276778888702392,18.290837662850468,1
Cam Skattebo,2025,17,2026,1,1,9.873594284057615,False,0,0.0,24.58935422897337,1,14.1,-4.226405715942384,4.226405715942384,17.862505275750458,1
Konata Mumpfield,2025,17,2026,1,1,4.226003170013428,False,0,0.0,18.94176311492918,1,0.0,4.226003170013428,4.226003170013428,17.85910279296354,1
Mike Evans,2025,17,2026,1,1,12.678486824035645,False,0,1.5798713684082024,27.3942467689514,1,16.9,-4.221513175964354,4.221513175964354,17.821173494840647,1
Raheim Sanders,2025,17,2026,1,1,9.77920150756836,False,0,0.0,24.494961452484112,1,5.6,4.17920150756836,4.17920150756836,17.46572524086165,1
Michael Pittman,2025,17,2026,1,1,12.822175979614258,False,0,1.7235605239868157,27.53793592453001,1,8.8,4.022175979614257,4.022175979614257,16.177899610985907,1
Travis Etienne,2025,17,2026,1,1,10.809904098510742,False,0,0.0,25.52566404342649,1,14.8,-3.9900959014892585,3.9900959014892585,15.920865303081378,1
Adonai Mitchell,2025,17,2026,1,1,5.258836269378662,False,0,0.0,19.97459621429441,1,9.0,-3.741163730621338,3.741163730621338,13.996306059316566,1
Marvin Harrison Jr.,2025,17,2026,1,1,8.027825355529785,False,0,0.0,22.743585300445535,1,4.300000000000001,3.7278253555297844,3.7278253555297844,13.896681881330764,1
Rashod Bateman,2025,17,2026,1,1,3.651532888412476,False,0,0.0,18.36729283332823,1,0.0,3.651532888412476,3.651532888412476,13.33369243515796,1
Arian Smith,2025,17,2026,1,1,3.650484323501587,False,0,0.0,18.36624426841734,1,0.0,3.650484323501587,3.650484323501587,13.326035796130839,1
Tahj Brooks,2025,17,2026,1,1,3.581654787063598,False,0,0.0,18.29741473197935,1,0.0,3.581654787063598,3.581654787063598,12.828251013695589,1
Xavier Smith,2025,17,2026,1,1,3.5145084857940674,False,0,0.0,18.23026843070982,1,0.0,3.5145084857940674,3.5145084857940674,12.351769896718508,1
Xavier Legette,2025,17,2026,1,1,3.487921714782715,False,0,0.0,18.203681659698468,1,0.0,3.487921714782715,3.487921714782715,12.165597888452794,1
Hunter Luepke,2025,17,2026,1,1,4.15964937210083,False,0,0.0,18.875409317016583,1,0.7000000000000001,3.45964937210083,3.45964937210083,11.969173777877666,1
Bo Melton,2025,17,2026,1,1,5.431766510009766,False,0,0.0,20.14752645492552,1,2.0,3.4317665100097656,3.4317665100097656,11.777021379224607,1
Christian McCaffrey,2025,17,2026,1,1,17.2288818359375,False,0,6.130266380310058,31.944641780853253,1,13.8,3.4288818359374993,3.4288818359374993,11.757230644822116,1
Ladd McConkey,2025,17,2026,1,1,15.872809410095217,False,0,4.774193954467773,30.588569355010968,1,19.200000000000003,-3.3271905899047862,3.3271905899047862,11.07019722155096,1
Derius Davis,2025,17,2026,1,1,3.3216216564178467,False,0,0.0,18.0373816013336,1,0.0,3.3216216564178467,3.3216216564178467,11.03317042838404,1
Jimmy Horn Jr.,2025,17,2026,1,1,3.28247594833374,False,0,0.0,17.998235893249493,1,0.0,3.28247594833374,3.28247594833374,10.774648351389484,1
Chase Brown,2025,17,2026,1,1,15.557175636291504,False,0,4.458560180664062,30.272935581207257,1,18.8,-3.242824363708497,3.242824363708497,10.515909853861418,1
Isaiah Williams,2025,17,2026,1,1,4.853957653045654,False,0,0.0,19.569717597961407,1,1.7000000000000002,3.153957653045654,3.153957653045654,9.94744887720525,1
Dylan Laube,2025,17,2026,1,1,3.149821281433105,False,0,0.0,17.86558122634886,1,0.0,3.149821281433105,3.149821281433105,9.921374104968887,1
Michael Wilson,2025,17,2026,1,1,7.463726043701172,False,0,0.0,22.179485988616925,1,10.6,-3.1362739562988278,3.1362739562988278,9.8362143289583,1
Jerry Jeudy,2025,17,2026,1,1,7.708691120147705,False,0,0.0,22.424451065063455,1,4.6,3.1086911201477054,3.1086911201477054,9.663960480485196,1
Kaleb Johnson,2025,17,2026,1,1,3.088762760162353,False,0,0.0,17.804522705078107,1,0.0,3.088762760162353,3.088762760162353,9.540455388565757,1
Keon Coleman,2025,17,2026,1,1,3.988237619400024,False,0,0.0,18.703997564315777,1,1.1,2.888237619400024,2.888237619400024,8.341916546117517,1
Jaylin Lane,2025,17,2026,1,1,4.210568904876709,False,0,0.0,18.926328849792466,1,1.4,2.810568904876709,2.810568904876709,7.899297569059864,1
Jordan Mason,2025,17,2026,1,1,9.09528636932373,False,0,0.0,23.811046314239483,1,11.9,-2.80471363067627,2.80471363067627,7.866418550101264,1
Xavier Worthy,2025,17,2026,1,1,7.583407878875732,False,0,0.0,22.299167823791485,1,4.8,2.7834078788757326,2.7834078788757326,7.747359420187505,1
DeMario Douglas,2025,17,2026,1,1,4.224177837371826,False,0,0.0,18.93993778228758,1,7.0,-2.775822162628174,2.775822162628174,7.705188678537752,1
Emari Demercado,2025,17,2026,1,1,3.457688570022583,False,0,0.0,18.173448514938336,1,0.7000000000000001,2.757688570022583,2.757688570022583,7.604846249233198,1
Kayshon Boutte,2025,17,2026,1,1,5.794175624847412,False,0,0.0,20.509935569763165,1,3.1,2.694175624847412,2.694175624847412,7.258582297521943,1
Terry McLaurin,2025,17,2026,1,1,6.084438323974609,False,0,0.0,20.80019826889036,1,3.4000000000000004,2.684438323974609,2.684438323974609,7.206209115223608,1
Rasheen Ali,2025,17,2026,1,1,2.6737964153289795,False,0,0.0,17.389556360244733,1,0.0,2.6737964153289795,2.6737964153289795,7.149187270626101,1
Alec Ingold,2025,17,2026,1,1,2.671870231628418,False,0,0.0,17.38763017654417,1,0.0,2.671870231628418,2.671870231628418,7.138890534662096,1
Rome Odunze,2025,17,2026,1,1,9.835404396057127,False,0,0.0,24.55116434097288,1,7.2,2.635404396057127,2.635404396057127,6.94535633075723,1
Tyjae Spears,2025,17,2026,1,1,7.006671905517578,False,0,0.0,21.72243185043333,1,4.4,2.6066719055175778,2.6066719055175778,6.79473842301464,1
Rashee Rice,2025,17,2026,1,1,7.383947849273682,False,0,0.0,22.099707794189435,1,9.9,-2.5160521507263187,2.5160521507263187,6.330518425174534,1
Jacob Cowing,2025,17,2026,1,1,2.450212955474853,False,0,0.0,17.165972900390607,1,0.0,2.450212955474853,2.450212955474853,6.003543527176815,1
Patrick Ricard,2025,17,2026,1,1,2.4276554584503174,False,0,0.0,17.14341540336607,1,0.0,2.4276554584503174,2.4276554584503174,5.893511024943621,1
Kameron Johnson,2025,17,2026,1,1,2.365971803665161,False,0,0.0,17.081731748580914,1,0.0,2.365971803665161,2.365971803665161,5.597822575738576,1
Brady Russell,2025,17,2026,1,1,1.6347150802612305,False,0,0.0,16.350475025176983,1,4.0,-2.3652849197387695,2.3652849197387695,5.594572751543637,1
Myles Price,2025,17,2026,1,1,2.345431089401245,False,0,0.0,17.061191034316998,1,0.0,2.345431089401245,2.345431089401245,5.5010469951299115,1
Jordan Whittington,2025,17,2026,1,1,4.103951930999756,False,0,0.0,18.81971187591551,1,1.8,2.303951930999756,2.303951930999756,5.308194500357504,1
Cyrus Allen,2025,17,2026,1,1,2.253998279571533,False,0,0.0,16.969758224487286,1,0.0,2.253998279571533,2.253998279571533,5.0805082443114316,1
Zachariah Branch,2025,17,2026,1,1,2.25321888923645,False,0,0.0,16.968978834152203,1,0.0,2.25321888923645,2.25321888923645,5.076995362811942,1
Kaden Wetjen,2025,17,2026,1,1,2.253054618835449,False,0,0.0,16.968814563751202,1,0.0,2.253054618835449,2.253054618835449,5.076255115455751,1
Kevin Coleman Jr.,2025,17,2026,1,1,2.2526957988739014,False,0,0.0,16.968455743789654,1,0.0,2.2526957988739014,2.2526957988739014,5.074638362264125,1
Montorie Foster Jr,2025,17,2026,1,1,2.252166509628296,False,0,0.0,16.96792645454405,1,0.0,2.252166509628296,2.252166509628296,5.072253987091301,1
Jonah Coleman,2025,17,2026,1,1,2.250089406967163,False,0,0.0,16.965849351882916,1,0.0,2.250089406967163,2.250089406967163,5.06290233934584,1
Eli Heidenreich,2025,17,2026,1,1,2.249340772628784,False,0,0.0,16.965100717544537,1,0.0,2.249340772628784,2.249340772628784,5.059533911410256,1
Malachi Fields,2025,17,2026,1,1,2.25273871421814,False,0,0.0,16.968498659133893,1,4.5,-2.24726128578186,2.24726128578186,5.0501832865739384,1
Samaje Perine,2025,17,2026,1,1,5.824721813201904,False,0,0.0,20.540481758117657,1,8.0,-2.1752781867980957,2.1752781867980957,4.731835189959611,1
Connor Heyward,2025,17,2026,1,1,2.248530626296997,False,0,0.0,16.96429057121275,1,0.1,2.148530626296997,2.148530626296997,4.616183852136166,1
Brian Thomas Jr.,2025,17,2026,1,1,9.083476066589355,False,0,0.0,23.79923601150511,1,7.0,2.0834760665893555,2.0834760665893555,4.340872520050652,1
MarShawn Lloyd,2025,17,2026,1,1,1.6402479410171509,False,0,0.0,16.356007885932904,1,3.7,-2.0597520589828493,2.0597520589828493,4.242578544484087,1
Laquon Treadwell,2025,17,2026,1,1,2.0414788722991943,False,0,0.0,16.757238817214947,1,0.0,2.0414788722991943,2.0414788722991943,4.16763598604399,1
Darius Cooper,2025,17,2026,1,1,2.039766311645508,False,0,0.0,16.75552625656126,1,0.0,2.039766311645508,2.039766311645508,4.160646606123919,1
Ashton Dulin,2025,17,2026,1,1,2.0391924381256104,False,0,0.0,16.754952383041363,1,0.0,2.0391924381256104,2.0391924381256104,4.158305799708671,1
Skyy Moore,2025,17,2026,1,1,1.9924718141555784,False,0,0.0,16.70823175907133,1,0.0,1.9924718141555784,1.9924718141555784,3.9699439302044217,1
Corey Kiner,2025,17,2026,1,1,3.066547155380249,False,0,0.0,17.782307100296002,1,1.1,1.966547155380249,1.966547155380249,3.867307714334149,1
Barion Brown,2025,17,2026,1,1,2.253368139266968,False,0,0.0,16.96912808418272,1,0.3,1.9533681392669682,1.9533681392669682,3.8156470875032977,1
Chris Blair,2025,17,2026,1,1,1.936743974685669,False,0,0.0,16.652503919601422,1,0.0,1.936743974685669,1.936743974685669,3.750977223481243,1
Xavier Hutchinson,2025,17,2026,1,1,8.104573249816895,False,0,0.0,22.820333194732648,1,6.2,1.9045732498168944,1.9045732498168944,3.627399263918086,1
Simi Fehoko,2025,17,2026,1,1,1.9006905555725095,False,0,0.0,16.616450500488263,1,0.0,1.9006905555725095,1.9006905555725095,3.612624588042535,1
Jacob Saylors,2025,17,2026,1,1,1.869034767150879,False,0,0.0,16.584794712066632,1,0.0,1.869034767150879,1.869034767150879,3.49329096081874,1
Mike Washington Jr.,2025,17,2026,1,1,2.248530626296997,False,0,0.0,16.96429057121275,1,4.1000000000000005,-1.8514693737030035,1.8514693737030035,3.427938841760192,1
Ray Davis,2025,17,2026,1,1,2.1390321254730225,False,0,0.0,16.854792070388775,1,0.3,1.8390321254730224,1.8390321254730224,3.3820391585218226,1
Tay Martin,2025,17,2026,1,1,1.838780403137207,False,0,0.0,16.55454034805296,1,0.0,1.838780403137207,1.838780403137207,3.3811133709614296,1
Tre Harris,2025,17,2026,1,1,6.814039707183838,False,0,0.0,21.52979965209959,1,5.0,1.814039707183838,1.814039707183838,3.2907400592396243,1
RJ Harvey,2025,17,2026,1,1,6.341933727264404,False,0,0.0,21.05769367218016,1,8.100000000000001,-1.7580662727355971,1.7580662727355971,3.090797019330435,1
Omar Cooper Jr.,2025,17,2026,1,1,2.252317428588867,False,0,0.0,16.96807737350462,1,4.0,-1.7476825714111328,1.7476825714111328,3.0543943704142293,1
Dareke Young,2025,17,2026,1,1,1.6997126340866089,False,0,0.0,16.415472579002362,1,0.0,1.6997126340866089,1.6997126340866089,2.8890230384736384,1
Nikko Remigio,2025,17,2026,1,1,1.571669340133667,False,0,0.0,16.28742928504942,1,0.0,1.571669340133667,1.571669340133667,2.4701445147161962,1
Roschon Johnson,2025,17,2026,1,1,1.555994153022766,False,0,0.0,16.27175409793852,1,0.0,1.555994153022766,1.555994153022766,2.4211178042410344,1
Dohnte Meyers,2025,17,2026,1,1,2.25278902053833,False,0,0.0,16.968548965454083,1,3.8,-1.5472109794616697,1.5472109794616697,2.393861814966739,1
Jalen Royals,2025,17,2026,1,1,1.5226800441741943,False,0,0.0,16.238439989089947,1,0.0,1.5226800441741943,1.5226800441741943,2.3185545169263264,1
George Holani,2025,17,2026,1,1,1.405821442604065,False,0,0.0,16.121581387519818,1,2.9000000000000004,-1.4941785573959354,1.4941785573959354,2.2325695613817986,1
Chris Godwin Jr.,2025,17,2026,1,1,6.839276313781738,False,0,0.0,21.55503625869749,1,8.3,-1.4607236862182624,1.4607236862182624,2.133713687479069,1
Malik Benson,2025,17,2026,1,1,2.252138376235962,False,0,0.0,16.967898321151715,1,0.8,1.4521383762359619,1.4521383762359619,2.108705863737216,1
Devin Duvernay,2025,17,2026,1,1,1.393911361694336,False,0,0.0,16.10967130661009,1,0.0,1.393911361694336,1.393911361694336,1.9429888842605578,1
Jakobi Meyers,2025,17,2026,1,1,10.84558391571045,False,0,0.0,25.5613438606262,1,12.2,-1.35441608428955,1.35441608428955,1.8344429293822375,1
Blake Corum,2025,17,2026,1,1,4.055758476257324,False,0,0.0,18.77151842117308,1,5.4,-1.3442415237426761,1.3442415237426761,1.8069852741540318,1
Brycen Tremayne,2025,17,2026,1,1,1.3240150213241575,False,0,0.0,16.03977496623991,1,0.0,1.3240150213241575,1.3240150213241575,1.7530157766920091,1
Chris Brooks,2025,17,2026,1,1,1.5805751085281372,False,0,0.0,16.29633505344389,1,2.9000000000000004,-1.3194248914718631,1.3194248914718631,1.740882044235538,1
KaVontae Turpin,2025,17,2026,1,1,3.118459463119507,False,0,0.0,17.83421940803526,1,1.8,1.3184594631195068,1.3184594631195068,1.7383353558893782,1
Sione Vaki,2025,17,2026,1,1,1.5293220281600952,False,0,0.0,16.24508197307585,1,2.8,-1.2706779718399046,1.2706779718399046,1.6146225081191734,1
Seth McGowan,2025,17,2026,1,1,2.2486462593078613,False,0,0.0,16.964406204223614,1,1.0,1.2486462593078613,1.2486462593078613,1.5591174808835149,1
Chris Bell,2025,17,2026,1,1,2.2526957988739014,False,0,0.0,16.968455743789654,1,3.5,-1.2473042011260986,1.2473042011260986,1.555767770146815,1
Jaylin Noel,2025,17,2026,1,1,6.057312965393066,False,0,0.0,20.77307291030882,1,7.300000000000001,-1.2426870346069343,1.2426870346069343,1.544271065980176,1
LaJohntay Wester,2025,17,2026,1,1,2.2604002952575684,False,0,0.0,16.97616024017332,1,3.5,-1.2395997047424316,1.2395997047424316,1.5366074279975237,1
Malik Washington,2025,17,2026,1,1,5.073639869689941,False,0,0.0,19.78939981460569,1,6.300000000000001,-1.2263601303100593,1.2263601303100593,1.5039591692141057,1
Cooper Kupp,2025,17,2026,1,1,4.362523078918457,False,0,0.0,19.07828302383421,1,5.5,-1.137476921081543,1.137476921081543,1.2938537459931467,1
Ronnie Rivers,2025,17,2026,1,1,2.313493490219116,False,0,0.0,17.02925343513487,1,3.4000000000000004,-1.0865065097808841,1.0865065097808841,1.1804963957962384,1
Roman Wilson,2025,17,2026,1,1,4.520442485809326,False,0,0.0,19.23620243072508,1,5.6,-1.0795575141906735,1.0795575141906735,1.1654444264455461,1
Khalil Shakir,2025,17,2026,1,1,7.973573684692383,False,0,0.0,22.689333629608136,1,9.0,-1.0264263153076172,1.0264263153076172,1.053550980755972,1
Elic Ayomanor,2025,17,2026,1,1,9.115124702453612,False,0,0.0,23.830884647369366,1,8.1,1.0151247024536119,1.0151247024536119,1.030478161531534,1
Jalen Nailor,2025,17,2026,1,1,4.7247185707092285,False,0,0.0,19.44047851562498,1,5.7,-0.9752814292907717,0.9752814292907717,0.9511738663194504,1
Braelon Allen,2025,17,2026,1,1,3.0663247108459477,False,0,0.0,17.7820846557617,1,4.0,-0.9336752891540523,0.9336752891540523,0.8717495455769032,1
Luther Burden III,2025,17,2026,1,1,8.57140064239502,False,0,0.0,23.287160587310773,1,9.5,-0.9285993576049805,0.9285993576049805,0.8622967669443824,1
Justice Hill,2025,17,2026,1,1,2.875546455383301,False,0,0.0,17.591306400299054,1,3.8,-0.924453544616699,0.924453544616699,0.8546143561543792,1
Ameer Abdullah,2025,17,2026,1,1,5.096846103668213,False,0,0.0,19.81260604858397,1,4.2,0.8968461036682127,0.8968461036682127,0.8043329336648546,1
AJ Dillon,2025,17,2026,1,1,1.9271423816680908,False,0,0.0,16.642902326583844,1,2.8000000000000003,-0.8728576183319094,0.8728576183319094,0.7618804218800533,1
Will Shipley,2025,17,2026,1,1,1.3982805013656616,False,0,0.0,16.114040446281415,1,2.2,-0.8017194986343386,0.8017194986343386,0.6427541544904952,1
Ryan Flournoy,2025,17,2026,1,1,5.000494480133057,False,0,0.0,19.71625442504881,1,4.2,0.8004944801330565,0.8004944801330565,0.6407914127234924,1
J.K. Dobbins,2025,17,2026,1,1,4.396863460540772,False,0,0.0,19.112623405456524,1,3.6,0.7968634605407723,0.7968634605407723,0.634991374745015,1
Malik Nabers,2025,17,2026,1,1,12.154561042785645,False,0,1.0559455871582024,26.8703209877014,1,12.9,-0.7454389572143558,0.7454389572143558,0.5556792389328262,1
Kaytron Allen,2025,17,2026,1,1,2.2502105236053467,False,0,0.0,16.9659704685211,1,1.6,0.6502105236053466,0.6502105236053466,0.422773725007139,1
Alec Pierce,2025,17,2026,1,1,10.742491722106934,False,0,0.0,25.458251667022687,1,10.1,0.642491722106934,0.642491722106934,0.41279561297593365,1
Kyren Williams,2025,17,2026,1,1,14.873211860656738,False,0,3.774596405029296,29.58897180557249,1,15.5,-0.6267881393432617,0.6267881393432617,0.39286337162138807,1
Jahan Dotson,2025,17,2026,1,1,2.3659677505493164,False,0,0.0,17.08172769546507,1,2.9000000000000004,-0.534032249450684,0.534032249450684,0.28519044345335753,1
Travis Hunter,2025,17,2026,1,1,1.6021225452423096,False,0,0.0,16.317882490158063,1,2.1,-0.4978774547576905,0.4978774547576905,0.24788195995599616,1
Jonathan Mingo,2025,17,2026,1,1,2.478185176849365,False,0,0.0,17.19394512176512,1,2.0,0.4781851768493648,0.4781851768493648,0.2286610633584583,1
Mack Hollins,2025,17,2026,1,1,8.686239242553711,False,0,0.0,23.401999187469464,1,9.1,-0.4137607574462887,0.4137607574462887,0.17119796440252655,1
Darnell Mooney,2025,17,2026,1,1,4.3104023933410645,False,0,0.0,19.026162338256817,1,4.7,-0.3895976066589357,0.3895976066589357,0.1517862951143708,1
Jared Wayne,2025,17,2026,1,1,2.57697868347168,False,0,0.0,17.292738628387433,1,2.2,0.37697868347167995,0.37697868347167995,0.14211292779204107,1
Tetairoa McMillan,2025,17,2026,1,1,10.227742195129396,False,0,0.0,24.943502140045148,1,10.5,-0.2722578048706037,0.2722578048706037,0.07412431231295971,1
Makai Lemon,2025,17,2026,1,1,2.2526235580444336,False,0,0.0,16.968383502960187,1,2.5,-0.2473764419555664,0.2473764419555664,0.061195104034595715,1
Ja'Kobi Lane,2025,17,2026,1,1,2.2526748180389404,False,0,0.0,16.968434762954693,1,2.1,0.15267481803894034,0.15267481803894034,0.023309600063223544,1
CeeDee Lamb,2025,17,2026,1,1,15.28083038330078,False,0,4.182214927673339,29.99659032821653,1,15.4,-0.11916961669922088,0.11916961669922088,0.014201397544239224,1
Josh Downs,2025,17,2026,1,1,5.587738990783691,False,0,0.0,20.303498935699444,1,5.7,-0.11226100921630877,0.11226100921630877,0.012602534190264162,1
Andrei Iosivas,2025,17,2026,1,1,3.092013120651245,False,0,0.0,17.807773065566998,1,3.2,-0.10798687934875506,0.10798687934875506,0.011661166111482582,1
Pat Bryant,2025,17,2026,1,1,8.272521018981934,False,0,0.0,22.988280963897687,1,8.2,0.0725210189819343,0.0725210189819343,0.0052592981941780755,1
